Workbook

Sheet FACT-SERV PROF
A4: FACTURA SERVICIOS PROFESIONALES
A6: NOMBRE DEL PROFESIONAL | C6: ESPECIALIDAD | E6: MES FACTURADO
A7: ='HOJA LABOR REALIZADA'!A6:B6 -> Victor Acosta | C7: ='HOJA LABOR REALIZADA'!C6:D6 -> Desarrollador Front-End | E7: ='HOJA LABOR REALIZADA'!E6:F6 -> 46204
A9: POR CONCEPTO DE SERVICIOS PROFESIONALES PRESTADOS EN EL AREA O DEPARTAMENTO DE: | D9: SISTEMAS DE INFORMACIÓN
B12: TOTAL HORAS FACTURADAS | D12: ='HOJA LABOR REALIZADA'!F37 -> 175.99982
B14: COSTO POR HORA | D14: ='HOJA LABOR REALIZADA'!F38 -> 3.5
B16: TOTAL FACTURADO | D16: =D12*D14 -> 615.99938
A20: ='HOJA LABOR REALIZADA'!A43:B43 -> Victor Acosta | E20: ='HOJA LABOR REALIZADA'!E43:F43 -> 46174
A21: NOMBRE EN LETRA DE MOLDE DEL PROFESIONAL | C21: FIRMA DEL PROFESIONAL | E21: FECHA
A24: Aprobación y certificación
A25: Certifico que esta factura es cierta, que los servicios indicados en esta se recibieron y no han sido autorizados para pago anteriormente.
A26: ='HOJA LABOR REALIZADA'!A47:B47 -> Raúl D. Olivero Carrucini | E26: ='HOJA LABOR REALIZADA'!E47:F47 -> 46174
A27: NOMBRE EN LETRA DE MOLDE DEL SUPERVISOR INMEDIATO | C27: FIRMA DEL SUPERVISOR INMEDIATO | E27: FECHA
A30: PREINTERVENIDO POR EL DEPARTAMENTO DE FINANZAS

Sheet HOJA LABOR REALIZADA
A3: HOJA DE LABOR REALIZADA
A5: NOMBRE DEL PROFESIONAL | C5: ESPECIALIDAD | E5: MES FACTURADO
A6: Victor Acosta | C6: Desarrollador Front-End | E6: 46204
A8: CERTIFICO QUE DURANTE ESTE MES SE REALIZARON LOS SIGUIENTES SERVICIOS
A9: DIA | B9: DETALLE LABOR REALIZADA | D9: HORA ENTRADA | E9: HORA SALIDA | F9: TOTAL HRS
A10: 46204 | D10: 0.33333333 | E10: 0.70833333 | F10: =IF((E10-D10-0.041667)>0, (E10-D10-0.041667)*24, 0) -> 7.999992
A11: 46205 | D11: 0.33333333 | E11: 0.70833333 | F11: =IF((E11-D11-0.041667)>0, (E11-D11-0.041667)*24, 0) -> 7.999992
A12: 46206 | D12: 0.33333333 | E12: 0.70833333 | F12: =IF((E12-D12-0.041667)>0, (E12-D12-0.041667)*24, 0) -> 7.999992
A13: 46209 | D13: 0.33333333 | E13: 0.70833333 | F13: =IF((E13-D13-0.041667)>0, (E13-D13-0.041667)*24, 0) -> 7.999992
A14: 46210 | D14: 0.33333333 | E14: 0.70833333 | F14: =IF((E14-D14-0.041667)>0, (E14-D14-0.041667)*24, 0) -> 7.999992
A15: 46211 | D15: 0.33333333 | E15: 0.70833333 | F15: =IF((E15-D15-0.041667)>0, (E15-D15-0.041667)*24, 0) -> 7.999992
A16: 46212 | D16: 0.33333333 | E16: 0.70833333 | F16: =IF((E16-D16-0.041667)>0, (E16-D16-0.041667)*24, 0) -> 7.999992
A17: 46213 | D17: 0.33333333 | E17: 0.70833333 | F17: =IF((E17-D17-0.041667)>0, (E17-D17-0.041667)*24, 0) -> 7.999992
A18: 46216 | D18: 0.33333333 | E18: 0.70833333 | F18: =IF((E18-D18-0.041667)>0, (E18-D18-0.041667)*24, 0) -> 7.999992
A19: 46217 | D19: 0.33333333 | E19: 0.70833333 | F19: =IF((E19-D19-0.041667)>0, (E19-D19-0.041667)*24, 0) -> 7.999992
A20: 46218 | D20: 0.33333333 | E20: 0.70833333 | F20: =IF((E20-D20-0.041667)>0, (E20-D20-0.041667)*24, 0) -> 7.999992
A21: 46219 | D21: 0.33333333 | E21: 0.70833333 | F21: =IF((E21-D21-0.041667)>0, (E21-D21-0.041667)*24, 0) -> 7.999992
... A31: 46233 | D31: 0.33333333 | E31: 0.70833333 | F31: =IF((E31-D31-0.041667)>0, (E31-D31-0.041667)*24, 0) -> 7.999992
F32: =IF((E32-D32-0.041667)>0, (E32-D32-0.041667)*24, 0) -> 0
F33: =IF((E33-D33-0.041667)>0, (E33-D33-0.041667)*24, 0) -> 0
F34: =IF((E34-D34-0.041667)>0, (E34-D34-0.041667)*24, 0) -> 0
F35: =IF((E35-D35-0.041667)>0, (E35-D35-0.041667)*24, 0) -> 0
F36: =IF((E36-D36-0.041667)>0, (E36-D36-0.041667)*24, 0) -> 0
D37: TOTAL DE HORAS | F37: =SUM(F10:F31) -> 175.99982
D38: COSTO POR HORA | F38: 3.5
D39: TOTAL FACTURADO | F39: =F37*F38 -> 615.99938
A41: Aprobación y certificación
A43: =A6 -> Victor Acosta | E43: 46174
A44: NOMBRE EN LETRA DE MOLDE DEL PROFESIONAL | C44: FIRMA DEL PROFESIONAL | E44: FECHA
A47: Raúl D. Olivero Carrucini | E47: 46174
A48: NOMBRE EN LETRA DE MOLDE DEL SUPERVISOR INMEDIATO | C48: FIRMA DEL SUPERVISOR | E48: FECHA
